<?xml version="1.0" encoding="UTF-8"?>
<project-private xmlns="http://www.netbeans.org/ns/project-private/1">
    <editor-bookmarks xmlns="http://www.netbeans.org/ns/editor-bookmarks/2" lastBookmarkId="0"/>
    <open-files xmlns="http://www.netbeans.org/ns/projectui-open-files/2">
        <group name="Dist Java">
            <file>file:/C:/Users/Bren/OneDrive%20-%20Waukesha%20County%20Technical%20College/WCTC/Dist%20Java/Project3/src/java/com/brendanjbishop/p3/controller/ProductController.java</file>
            <file>file:/C:/Users/Bren/OneDrive%20-%20Waukesha%20County%20Technical%20College/WCTC/Dist%20Java/Project3/src/java/com/brendanjbishop/p3/model/ProductService.java</file>
            <file>file:/C:/Users/Bren/OneDrive%20-%20Waukesha%20County%20Technical%20College/WCTC/Dist%20Java/Project3/web/index.jsp</file>
            <file>file:/C:/Users/Bren/OneDrive%20-%20Waukesha%20County%20Technical%20College/WCTC/Dist%20Java/Project3/web/form.html</file>
            <file>file:/C:/Users/Bren/OneDrive%20-%20Waukesha%20County%20Technical%20College/WCTC/Dist%20Java/Project3/src/java/com/brendanjbishop/p3/model/BeerExpert.java</file>
            <file>file:/C:/Users/Bren/OneDrive%20-%20Waukesha%20County%20Technical%20College/WCTC/Dist%20Java/Project3/src/java/com/brendanjbishop/p3/controller/BeerSelectionController.java</file>
            <file>file:/C:/Users/Bren/OneDrive%20-%20Waukesha%20County%20Technical%20College/WCTC/Dist%20Java/Project3/src/java/com/brendanjbishop/p3/model/Product.java</file>
        </group>
    </open-files>
</project-private>
